sample_id,wpm,word_count,duration_sec,whisper_transcript,filler_count,filler_ratio,mean_pitch,pitch_std,pitch_range,pitch_variability,jitter,shimmer,mean_energy,energy_std,energy_range,speech_ratio,pause_count,avg_pause_duration,spectral_centroid,spectral_bandwidth,spectral_rolloff,zero_crossing_rate,mfcc_1,mfcc_delta_1,mfcc_2,mfcc_delta_2,mfcc_3,mfcc_delta_3,mfcc_4,mfcc_delta_4,mfcc_5,mfcc_delta_5,mfcc_6,mfcc_delta_6,mfcc_7,mfcc_delta_7,mfcc_8,mfcc_delta_8,mfcc_9,mfcc_delta_9,mfcc_10,mfcc_delta_10,mfcc_11,mfcc_delta_11,mfcc_12,mfcc_delta_12,mfcc_13,mfcc_delta_13,tone_label,tone_score,tone_ang,tone_hap,tone_neu,tone_sad,speech_clarity_score,delivery_confidence,pitch_expressiveness,voice_stability,wpm_x_clarity,wpm_category,energy_level
sample_000_AimeeMullins_2009P_Segment100,2.2165513727413226,0.013150686905714264,-1.8535945405816547,A few years ago I was in a food market in the town where I grew up in that red zone in northeastern Pennsylvania.,-0.5819985131059653,-0.5835211763448893,1.0292087150851474,-2.012596975353627,-0.8233092674832464,-2.139288224563062,-1.8320164451347951,0.5723434515127598,1.3685838119867537,-0.6023947176701553,0.2697428719622868,1.3167242787269284,-2.3800119294971025,-1.7263417477970033,-1.0227289520643426,-1.3123761556760165,-1.0525914462394539,-1.508084506125426,1.1131890973002578,-1.3596942504212222,-0.3339808987751556,1.5152213870608044,-1.4034453619340326,-2.3759695059047723,1.1558344517085073,-0.16731733551111788,-0.6639852559231156,0.5135856810665902,-1.3696106157687737,-0.041507839697486774,-2.309248705738643,-1.1789164205352436,-0.42137066025513453,2.3873771841058233,0.6842194222503325,2.013157694649504,-1.2213622589190019,0.581199685645432,1.7383516211494445,-0.5252416670659247,-1.5050166892703292,2.132587036884969,-1.422666365799557,-0.3873516595347133,ang,-1.741683996867251,-0.5535035150927257,0.6726983427679895,2.0109850939907346,-0.8979988473500392,0.9435593660824954,2.144956041026961,-1.792363056984801,1.7932168315147337,2.484749503316754,fast,high
sample_001_AimeeMullins_2009P_Segment101,1.08499171021731,0.9336987703056996,-0.0668546789898195,"And I was standing over a bushel of tomatoes. It was summertime. I had shorts on. I hear this guy, his voice behind me say, well, if it isn't Amy Mullins.",-0.5819985131059653,-0.5835211763448893,0.85407391672146,-1.0579063230208645,-0.052742457257940786,-1.3282680289060216,-1.7798843803298572,-0.5075098984852165,-1.2187621744207848,-2.287434490163475,-2.1365816655834116,1.186953778294437,-1.0335036929103372,-0.6194537345159058,-0.2081732276155889,-1.0804326152650112,-0.22908097014028542,-0.4950876953366325,-0.9304432566263391,-1.8169564938832243,-0.2525970202822157,0.4384893297944826,-1.7050439620588804,1.9451732000681468,0.16909011199149213,-0.19169274750048762,-2.334282470836158,1.247803727021611,0.8196130520952913,-1.046093282298277,-1.9798309160266345,1.1249100093525752,-1.0636878128257095,-1.353765633998487,0.4106153396023675,-0.9892251966498962,-0.009461792122228127,-0.9954149266624663,1.3930549879437018,-0.45567931366825687,-1.2537512475909829,-0.9439261769928845,-0.09962117187415005,0.1905879910390631,ang,-0.6641113578053277,0.03690927242275277,0.08824844828263048,0.9383126971804502,-0.7958809969051165,0.9106902100495825,-0.09142142153965103,-1.0313656950082375,1.7932168315147337,1.4970394368406124,fast,low
sample_002_AimeeMullins_2009P_Segment102,0.8768911733467356,-0.1183561821514265,-1.1357714458291668,"I turn around and this is older man I have no idea who he is. And I said, I'm sorry sir, I don't...",-0.5819985131059653,-0.5835211763448893,-1.0360196423905408,-1.0217652062555025,-3.0085057560872603,-0.5248749824244395,0.04725492907985693,-1.4182429671435512,-1.466989986052008,-1.9918324275102666,-2.0527554133470307,0.7966123523903539,0.31300454367642794,-1.1728977411564545,-1.4564445512232087,-0.8648690643983944,-1.4835240787901585,-1.2549769575297476,-1.1477986276570775,-1.7007242131679252,1.7299213213136662,0.8616740304702666,-0.45982641501754506,0.53961334416605,-0.9811069356178613,0.16753634279673166,0.9952566673204729,1.0292754448208965,0.5002113811257205,-0.3301578073635196,-0.4179754334738934,-0.2087926235822008,0.35824010280557794,-0.6637144063225682,2.18223456227211,-0.8027218124822991,1.4577604019746828,0.15114189990385052,-1.9621155121366698,1.9742219184238499,1.3521542747719633,0.3321856697683812,0.790591922612478,-0.9559928749072958,hap,-0.3906974046105113,-2.1895095571921592,1.70991293351139,2.0109850939907346,-0.15764443162434974,0.8118218756331226,-0.8479954002435522,-1.5915257203485018,0.31792699526075935,1.2268633449983835,fast,low
sample_003_AimeeMullins_2009P_Segment103,1.070855010409918,0.6706850321914181,-0.3625125081155962,"Have we met? I don't remember meeting you. He said, well, you wouldn't remember meeting me. I mean, when we met, I was delivering you from your mother's womb.",-0.5819985131059653,-0.5835211763448893,-0.20135350559652304,-1.0508417014309275,-1.4871359331458887,-0.9341986548406881,-1.5268030954454859,-2.265185864038382,0.28816017176961606,-0.4846579643356858,-0.5828732510947885,0.16320871932700065,0.31300454367642794,-0.2519323238561663,-2.3266566250580687,-1.5739384721845429,-1.968603685612119,-2.084531706850323,-0.2259686362140342,-0.4631377350617102,1.8142937308265656,0.549313811228862,-0.6088938275018894,0.8897203370520257,1.1248956436881135,0.9987794293933769,-1.3345653564570794,-0.05104812402888089,0.01593773075061593,-0.09069542131385815,0.26665034599661247,0.9480305743213774,-0.8951523980549237,-1.257325800647481,-1.1277128420421583,-1.4157153258567743,-0.2442955618444096,-1.5650018108831039,-0.5837950366564074,-0.951489577401488,-1.2538307116775353,-1.6320741757801298,-0.6166209134011699,-1.077032162311678,hap,-0.1135719497886156,-1.4750490772365747,1.8834275476462088,-0.7155874741129405,-0.7448220716826552,0.6513890902343815,-0.3216287864688189,-1.2692658526942115,1.7932168315147337,1.2139966075834936,fast,medium
sample_004_AimeeMullins_2009P_Segment104,-2.041297873658512,-2.222466087065679,-1.4541721848876956,"Oh, that guy. And of course, actually.",1.2078689137922571,1.9760127594642038,2.8617734787170637,2.382796780146592,0.8445387910536469,1.8891177316080376,2.002111981547166,-1.6196823686224968,-0.38312149763502346,-0.8024631863842839,-0.6692090881005677,0.9665499124805214,-1.0335036929103372,-0.3427317311956314,0.8692684469063005,-1.1943222854035187,0.02457640071253984,2.0385375644475086,1.3834160964592805,-0.9600734860666531,-1.2980658740118505,0.07813858874924545,-2.3567243928971395,1.2921772370439593,-0.9941465903070853,2.919661782576495,-0.5605133745862118,-0.6590154661371915,2.3981325785249603,-2.597667939954795,-0.6083777546426298,0.3423499624285427,-0.7674061395185567,0.3490722185384651,2.1626557264104034,-2.2907381592377636,-1.962706337786469,-2.6812238986313126,-1.7971571623780023,-0.053171341387396265,-0.10795858358893039,-2.2401069408481953,1.3211286265753568,1.5560212975148096,hap,1.1347297641189393,-2.193237766527791,2.0645915225604075,-0.016223973108878235,-0.08105604379065763,-1.6178697036747423,1.1233377102998965,1.8980830081289402,-2.0358434487583783,-1.1601619450933902,slow,low
sample_005_AimeeMullins_2009P_Segment105,0.0752571372099375,0.2761644250199958,0.2970318799342139,"It did click. This man was Dr. Keane, a man that I had only known about through my mother's stories of that day. Because, of course.",-0.5819985131059653,-0.5835211763448893,-0.17466807547824123,0.5952894934622046,0.1095761032656359,0.531485178376502,1.1271540185706592,-0.4146849446500005,0.7321481070651743,1.4829020093292347,1.1383040397127377,-0.27038954005457966,0.31300454367642794,0.21071227544491733,-0.4657537643418005,-0.17434599304714316,-0.3308910354619282,-0.517015750251906,0.39629804832350635,2.081804138028588,0.3861163688445777,0.3551468091688712,-0.12215644528036805,-0.7073923750035801,-0.26139204627582124,-1.5160747479010062,0.2496296963296403,0.6775709027653237,-0.387825186581447,-1.0369461951492334,0.07039321393552186,-1.5610547520075586,-0.29357957847015836,-0.12916366739392016,-0.3892441190860158,1.3860182579633198,0.8045900928136512,-0.4646051477246587,-0.24659780705811185,0.04938723096063169,0.32953094492645246,1.4251978179841194,1.0202293061098953,-1.7804408269307488,ang,0.14499599689788462,0.4802272552414932,-0.3660654856016149,-0.687234899747911,0.14870911971041847,0.5415643704736174,-0.12499643932402253,0.35995479333667507,-0.8319784319332312,0.39207151930646256,fast,medium
sample_006_AimeeMullins_2009P_Segment106,0.03762856860496845,1.3282193774771218,1.9330999632215677,"typical fashion, I arrived late for my birthday by two weeks, and so my mother's prenatal physician had gone on vacation. So the man who delivered me was a complete stranger to my parents.",2.254874239789983,1.9760127594642038,0.32978919002696777,0.33010590830730246,0.8445387910536469,0.031906907383999004,0.4994104476878937,0.6335894177309448,-0.20398939124302273,-0.64872130970594,-0.859845716497945,0.5473705975914409,1.1006613689918563,-0.9221184256474558,0.6705989714144555,-0.5796935667832657,0.09248116002504814,0.9896172735132795,0.17685464123514666,-0.46596684185108067,-0.9094433528972111,1.0019938330336766,-0.7742794696108037,-0.6644392059233561,0.888249630060167,0.27349059507402984,-0.40987493864496294,-0.30201626185980085,-0.6940841963862842,-0.13149450834522922,-1.5911634078213308,0.6123990252103262,0.08262194710728986,1.0374137956634393,-0.03011143767375337,0.38128986678747967,-1.066791507387256,-0.7629234963133154,0.3098193098858778,0.10808684148901565,-0.40221409609323683,-0.07944590519182455,0.4509754867864262,-0.6364539450533925,hap,0.24087645559742402,-1.691285218703208,2.0645915225604075,-0.13908512869067297,-0.6682336838489631,-1.6178467603635236,-0.7731138905289808,0.40513970509552816,-0.6083200014517254,-1.1601451982510225,fast,medium
sample_007_AimeeMullins_2009P_Segment107,1.5799840961202447,1.4597262465342626,0.024116960741188857,"And because I was born without the fibula bones, and had feet turned in and a few toes in this foot and a few toes in that, he had to be the bearer, the stranger.",-0.5819985131059653,-0.5835211763448893,0.5905786207283571,0.348994475505661,0.8138351887193725,-0.07741556413089982,-0.3249321888260584,0.410501139975481,0.30200581164976703,-0.14993033431546726,0.4129728319718754,0.690530117909825,0.31300454367642794,-0.8961757378361801,0.4987672750055129,-0.11302634078510145,0.27706307042826334,0.27443404575983155,0.6740986696647647,0.48636708558686786,-0.7383531044633419,0.9806986758001287,-0.28826370721348143,-1.2359436573308573,0.72193907415697,-1.7311875938748162,-0.4554477559465941,1.3978459553639735,0.655377521172311,0.7778270999449087,-1.740582052743582,-1.7409353991167935,-1.0648532172895504,-0.21503475188454182,0.7632529686075568,0.9209158536842139,-0.11674580425495902,-0.4057974847460627,0.18147949537080854,-2.0010829825987413,-0.8130434235702197,0.3570967965101177,1.300437414561998,-0.21578954395560374,hap,-1.6086885218969214,-1.1042617124019403,0.9473007120126016,2.0109850939907346,1.8559919318364702,0.784952644907805,-0.7135181090935314,0.29989520683300075,0.1427314204244236,1.756043104793011,fast,medium
sample_008_AimeeMullins_2009P_Segment108,0.4779451890763738,0.2761644250199958,-0.22605504851908365,"had to be the bearer of bad news. He said to me, I had to give this prognosis to your parents that you would never walk.",-0.5819985131059653,-0.5835211763448893,-1.477402254888902,0.09020623200059658,0.42311418862625344,0.8797916573890872,0.7588006196651247,0.6049092824928222,-0.41127650696068935,-0.14392948042482218,-0.2930774196138505,-0.32394561959814755,0.746483375030947,-0.20437072953549434,-0.6059704793129952,-0.16139605274607194,-0.4893654918356546,-0.4381994081662597,-0.4774791668489001,-0.8128027604199699,1.5958409401523066,-0.19920383318103124,0.4385421581227941,0.448176756194946,-0.06978895696477685,0.7821369389560737,1.3208027287620066,0.5899218469175941,-0.8104588014212271,1.3062582824194038,0.652704963390452,-0.2775924092591246,0.30180763280652956,-0.0852437808920049,0.2214781644598522,-0.38345177934907915,-0.10483523455670997,0.687023518771035,-0.7575748875867901,1.7604987274405093,1.0850754798686482,-1.3747515709180347,0.35025487508749775,1.2413909836684034,ang,1.169989029576189,1.0418311524361816,-1.0004782935320444,-0.7344891903562936,-0.208703356846811,0.5279993219520978,-0.4959635961535168,0.8064530631536228,-0.7897322187778277,0.666493203913662,fast,low
sample_009_AimeeMullins_2009P_Segment109,1.5648079330917215,0.9336987703056996,-0.5217128776448609,and you would never have the kind of mobility that other kids have or any kind of life of independence. And you've been making a liar out of me ever since.,2.254874239789983,1.9760127594642038,-0.42622024190791735,-1.481857982854879,-1.4850089608580863,-1.2367422388005251,-1.7279244606742088,-1.5215531317109845,1.3559968666411621,0.30097382702765213,0.46031829097504456,0.6194653200539364,-0.24584686759490862,-0.4810927328557687,-1.8114489447534043,-1.8552265806572485,-1.8753692107877789,-1.5699590176692997,1.4444642023046022,0.7703245340360001,1.6760268842701562,-1.573876537192625,-1.5658964167578677,0.21224598863711158,0.005799387387218767,-0.9369065196158518,-0.26427997518065405,1.2742253548769085,-0.09674547308551562,-0.004402768630152496,-0.49062831409266255,0.3600931282338984,-0.8520324328928239,-0.06536261728821843,1.4679661547750151,-0.2343310469049207,0.7845021170539191,1.8858181565930843,-1.5483387192021498,-0.27397061487361557,1.0450653122894102,0.4136427206188489,0.16178949651157828,-0.4270795232376683,ang,0.20994727537176602,0.5158147079907038,-0.4264857530235606,0.15389147308129902,-0.8469399221275778,-1.6178500339367916,0.6264373746158556,-1.4375510167640664,1.7932168315147337,-1.160137236388013,fast,high
sample_010_AimeeMullins_2009P_Segment11,-2.110526124185886,-1.8279454798942565,0.2515460600687098,"See also hurt, useless, and weak. Antonyms, healthy, strong, capable.",-0.5819985131059653,-0.5835211763448893,-1.2251969485612255,1.493834995264414,0.8392609408878501,2.1306441221642083,1.1015834850438468,0.6606659325041421,-0.8572518546792359,0.9278230244445045,0.7664570281493837,-1.7761393149141282,1.6595127802631928,-0.04439082136596059,1.5046208244831063,2.057966160282729,2.0018210341465124,1.6708035169019628,-0.17906168470159617,0.03856348915732842,-0.5224222808945342,2.058298841868507,1.058577154270483,-1.2845723624455767,-1.7103209877814216,-1.4050964047565453,0.3767252027485321,-2.1189927321765847,0.49098287812869196,1.741789361036425,1.0022033028572312,-0.11507077280925646,1.1725440602898507,1.1550299824295531,0.2188239363127304,1.3461658499410314,1.7457028686722624,1.2167204889479668,-0.33801386983334797,0.33582195079787636,0.6713457132324954,0.6897945202254299,0.48527380093738415,-1.2179653121529495,ang,0.8860591551046494,0.8862631447039174,-0.8130205407613925,-0.7722926228429996,-0.7448220716826552,0.1601778139647403,-1.0056137094264148,2.0877830285991696,-1.0311428568425196,-1.1601619630342765,slow,low
sample_011_AimeeMullins_2009P_Segment111,-0.5860493640740757,-1.3019180036656934,-1.4541721848876956,The extraordinary thing is that he had saved newspaper clipping throughout my whole childhood.,-0.5819985131059653,-0.5835211763448893,1.8506254425197377,2.0215250458138208,0.4215346536229178,0.6230109684819992,1.3037656365979176,2.361382532697292,2.7084724249100947,2.2863113303436102,2.3019671274733273,-0.09427243232476919,-1.0335036929103372,1.8710442953665634,0.4810644389621162,0.22838992915986428,0.16130283211626598,0.5147360635781147,2.1942887301328384,0.06957364302081899,-0.6921506670914599,0.5475653667402128,0.25761763579944674,-0.19487881712720617,0.09652159893842054,0.703155856938043,0.044804192096146604,-0.7987382714723884,-1.7654179270689154,-1.203902523809541,0.09589309278073742,-1.9855731992338366,0.08445970030026888,0.3430236821195932,-0.1451488081913413,1.5535833406393125,-0.7191184225014462,1.1025933904527512,-0.6986159936796349,1.9742219184238499,-0.23506139002982618,1.420384778274065,-1.4240691598343616,1.5624064890692775,ang,1.2664880718802423,1.0947039393778664,-1.0527650634164205,-0.8100960553297056,-0.5661158334040405,0.586172510803999,2.144956041026961,0.6122250156997469,-1.4828547964563328,-0.05519138384094906,moderate,high
sample_012_AimeeMullins_2009P_Segment112,-0.2482238172062601,0.14465755596285504,0.5926897090599906,"whether winning a second grade spelling bee, marching with the Girl Scouts, the Halloween parade, winning my college scholarship, or any of my sports victories.",-0.5819985131059653,-0.5835211763448893,0.9907201139530109,-1.3159509221480405,-0.2750117292663731,-1.5774215686376516,-1.6950028640155974,-0.6887190110220026,0.7962090341661595,-0.23250208385075258,-0.25809625630381633,1.5031406325228096,-2.3800119294971025,-1.7263417477970033,-1.040874553204042,-1.3967192612800154,-1.147180823428762,-1.2626829406524276,0.8342785829876446,0.9121570877431154,1.5219851334691419,-1.604896143260478,-0.6426945000674033,1.049403957008533,0.9770164719197283,0.33482801940108053,-0.991407489126071,0.7211111727933317,0.8564952416592778,-0.8076643411909354,-0.49077347469329996,0.30963675077793773,-0.6773114098139617,0.7082413051160562,-0.3471199570805257,-0.33179708909867117,-0.5191275133890654,0.20100429245848248,1.7932087031193704,0.08049649457689079,-1.8182641184607091,0.4644129970755146,0.28670830531087566,1.1685399387766462,ang,-0.09192152363065535,0.350417784737229,-0.2355422155939503,0.10663718247291656,-0.7958809969051165,0.9907761695900923,2.144956041026961,-1.2773279645282454,1.7932168315147337,0.43746463573018507,moderate,medium
sample_013_AimeeMullins_2009P_Segment113,-0.9313590461340397,-1.0389042655514118,-0.44211269288022825,"and he was using it and integrating it into teaching resident students, med students from Hanuman.",-0.5819985131059653,-0.5835211763448893,0.7773299787064711,-0.4068456701798195,-0.5775579620803132,-0.7752997136853124,-0.4173136505633934,-0.05109484308282814,0.6409921239307832,0.3217367814892863,0.5777791000598309,0.37846296210788033,0.31300454367642794,-0.6194537345159058,0.34970302591697244,1.0723866424435098,0.6938531420395091,-1.1714576992736405,0.4243887207927811,-1.701224022034047,-0.6858205296567746,-0.20505235961742185,1.9983667053198846,0.9988912176362852,2.141248214416419,-0.5554646181224772,-0.11638518826686076,1.1728744941905045,-1.163337662573122,0.021719201401250773,0.3225129838083805,0.31529103433295974,0.8433621225035076,-0.6884395798206975,-1.4397251672896434,-1.0029612455120087,-1.2708711195303775,-0.3946265968003469,0.9328778432764411,-0.4656495776633038,-1.5960030683730648,-0.1959798060504166,-0.7075219668564701,0.5590534511790767,ang,-1.4824974665762372,-0.4114926322173033,0.3977086641168265,2.0109850939907346,1.8559919318364702,0.7059101506381813,-0.613984920339646,-0.8549814094611022,0.3704499701295029,-0.25904675806191896,moderate,medium
sample_014_AimeeMullins_2009P_Segment114,0.4810635787397691,0.14465755596285504,-0.40799832798110036,medical school and Hershey medical school and he called this part of the course the X factor. There was the potential of the human will.,-0.5819985131059653,-0.5835211763448893,0.41511725241566955,0.4213510734741745,0.8445387910536469,0.06622907867356073,1.590457098738056,1.467410381782958,-0.45374088573186977,-0.3295958998014009,-0.08536337290763847,0.12201173506271747,0.31300454367642794,-0.3427317311956314,0.5467179581542114,0.05940283643928852,0.5382194779355306,1.0656005335685308,-0.020546610835750587,0.25432060327069883,-0.2117915925160011,0.5896992108512975,-0.06448458893032824,-0.16421873724473757,-0.9017235542312023,-0.7684742029589845,-1.0635089716564072,-2.497716130797942,0.8922000015305398,0.2987594046088821,-0.6049664805276619,2.0813602840780807,0.7880502337196911,0.7913536353085628,0.7776794792424985,0.6259954227977543,-0.8545344891826511,-0.7255374019815806,-0.4640906156933962,0.645180628004807,0.03201740487348892,1.7499904885998872,1.020369585513376,0.06424101315502939,hap,-0.15996572012710292,-1.4570858868012588,1.8543793421548884,-0.4982177373143807,-0.7958809969051165,0.6409544375255204,-0.5353560860386386,0.4327300330776652,-1.4643509401534367,0.7649618261728585,fast,low
sample_015_AimeeMullins_2009P_Segment115,-0.07172296225809044,-0.6443836583799896,-0.931085256434398,No prognosis can account for how powerful this could be as a determinant in the quality of someone's life.,-0.5819985131059653,-0.5835211763448893,0.26498838157540566,-0.31560050501294745,0.8419928773009934,-0.488010428076392,-0.7054381047570721,-0.03401011736033334,0.2363549546103906,-0.19697702881813015,0.13009366095293898,1.086021166846943,-1.0335036929103372,-1.1728977411564545,-1.0653819896748258,-0.34194903080988787,-1.294288017362871,-0.4316833194963461,0.3043925224220413,2.3691710530904104,1.259082672561289,-1.952737762518334,0.643799700918155,-1.617390294694679,-1.3933428335081508,-0.6266326454455112,0.4468698179578157,-0.4948637095095722,0.2428952596292624,0.3929128353112971,0.6881725368127348,-0.42716081438018433,0.14703295535878394,0.28613894560634884,0.44524521036892717,1.8768271469530051,0.05249094727836245,0.6030706578303391,0.3565099895052816,1.02272469120344,0.2687806507569835,1.0045235623565385,-0.14275708844437393,-0.058554201926831535,ang,0.28541447512237206,0.5571639388040729,-0.4601816713934919,-0.2241428517857616,-0.6937631464601939,0.8851253109128726,1.1094767701285368,-0.014114364783946577,0.6708206123932963,0.5180440106667286,fast,medium
sample_016_AimeeMullins_2009P_Segment116,-1.1479831814178945,-0.7758905274371303,0.569946799127239,"And Dr. Keen went on to tell me that he said, in my experience, unless repeatedly told otherwise.",-0.5819985131059653,-0.5835211763448893,-1.3167764928307841,0.9556595589867855,0.4525679687345971,1.6564896817565662,0.8067221071698875,-0.3592983608998198,-1.3956418800667323,0.0290151287035882,-0.4628722525482937,-2.298311090463917,0.746483375030947,1.9748150466116663,1.0469259998455367,1.4371152119825026,1.4106415200739504,1.078632710908358,-1.6719875037977716,-0.14725224476853593,-0.5030914030312447,-1.5688105313665388,0.33306058302011093,-0.06348383094792,-0.6945469287962048,-0.9337153647868406,1.5487071630499785,0.684726162123659,0.8115301563668593,0.3253980971114454,1.1658718800753383,0.9999515432714201,1.821001997919893,-0.23526561673738508,0.3402002281699136,0.17790806297753156,1.2507920322554935,0.47464824679156375,0.05766581816578246,1.7972688570590711,1.1202780702114532,0.07858223195496454,-0.8508875172134409,0.5165520198946497,ang,0.6151195363278853,0.737812627521495,-0.7115454762450478,-0.706136615991264,1.8559919318364702,0.0279185908799245,-0.8442969754857581,1.4127079497068702,-0.6140807503341617,-0.6392022565982987,slow,low
sample_017_AimeeMullins_2009P_Segment117,-0.7978919685407243,-0.7758905274371303,-0.1350834087880753,"and even if given a modicum of support, it's left to their own devices, a child will achieve.",-0.5819985131059653,-0.5835211763448893,-0.5873125324646075,-0.21424177630679736,-1.9883683958625364,0.019194992091568892,0.029333223267396624,-0.17519039598412547,0.35387727588975787,0.8744154248177582,0.6231352540628666,-0.0870629600785193,-0.24584686759490862,0.9025172837456031,-0.2827519590121022,-0.007621529301105205,-0.2091463039246058,0.010504123808036336,0.27825414370453977,1.0068315747234102,0.4486359333887352,-0.9859630967913797,0.3644269913786577,0.21001514210332142,-0.7894459951325082,-0.5326386304819044,0.17187952462513068,0.37778506043584187,1.480405689106663,-1.125173808576006,0.2576745821905644,-0.3469084034134708,-0.3950594133215039,-0.021468634582529636,0.4171103920094413,0.11116158530096165,0.5006039109628337,0.5046940833352133,-0.743520040150337,-0.08716203679762034,1.5028976469622601,0.8204175009625451,-0.09618432648888013,1.3115283221495118,ang,-0.21749399534682656,0.2816153760887548,-0.18790315858818543,0.4563189329749476,0.27635643276657174,0.5879985750280498,0.08243832975388739,-0.9310747301694899,-0.021780871657130597,-0.20795078766657088,moderate,medium
sample_018_AimeeMullins_2009P_Segment118,-0.031599681922405705,0.14465755596285504,0.2515460600687098,"See, Dr. Keane made that shift in thinking. He understood that there's a difference between the medical condition and what someone might do with it.",-0.5819985131059653,-0.5835211763448893,-0.8218830615462872,-0.4034992704793234,0.6379409499109995,-0.032923860607394426,-0.30602413783388843,0.3329105805570743,-0.24950113572945193,-0.4962996208835385,-0.26036100353473773,0.20646555280449774,-0.24584686759490862,0.5566147795952603,0.9112456851592692,0.5428351803179315,0.7199319425446611,0.7673903190489307,0.05045859238569028,0.8551600162932613,-1.0805588210021349,-0.33417641157402705,1.0730865235357248,-1.280968326763886,0.9388694075804459,-1.1057476205689978,-0.6342892899788924,0.11590027088726916,-1.3950367326467938,1.3535548796732324,0.3215936333376797,0.9566140408645637,0.6313481565817474,0.7901879644783735,-0.8147637303898068,0.24984628368232156,-0.19776434365759543,0.7218415928853639,-0.15399065551707522,-0.46299764043699976,0.5704660553539598,0.4100985731959906,0.5044920792141993,-0.3828022105521549,ang,-1.0767066220156047,-0.18915578456509105,0.30049400307254204,0.43741721673159467,1.8559919318364702,0.6623454755786858,-0.400026808744266,0.23663491066089093,0.14701384147508326,0.3987620562910844,fast,medium
sample_019_AimeeMullins_2009P_Segment119,0.40144069600107757,1.9857537227628257,1.9330999632215677,"And there's been a shift in my thinking over time and that if you would ask me at 15 years old if I would have traded prosthetics for flesh and bone legs, I wouldn't have hesitated for a second.",-0.5819985131059653,-0.5835211763448893,-0.9073510824845598,0.10017106666429734,0.025497836158859314,0.5073325393208853,0.046175532468099655,0.9425330680702114,-0.6003456754676307,-0.08980177833119773,-0.03859940305835413,-0.5834866204631313,1.1006613689918563,0.3750159649163301,-0.0008426454153686264,0.2685997344998984,0.07271022823413781,0.3900237926000347,-0.35206525350647044,0.4961620819820667,0.13695862866143965,0.7248307387432614,0.1476331529937577,-0.44797679235998444,-0.17676734849677667,0.7243335208033,0.13689799952507356,-0.8266472285201488,-0.30540510809074367,-0.04273917835216573,0.23752145213547424,0.12125667106370144,0.5288822102609982,-0.5614850745149549,0.66916838734548,-0.049162382098829525,0.36212131700857325,-0.11436999040744524,-0.3027576423656347,0.49417320248391655,1.2640683348283974,-0.9643013784321152,0.7409330137804158,-0.10241248641658295,ang,0.3744905141722668,0.6059695882887047,-0.51750346356303,-0.5549228860444397,0.30188589537780247,0.46226100988627217,-0.8320748115179205,0.2949493623681138,-0.32660055799520765,0.558199532289761,fast,low
sample_020_AimeeMullins_2009P_Segment120,-0.873564891039115,-0.7758905274371303,0.0013740508084372687,"I aspired to that kind of normalcy back then. If you ask me today, I'm not so sure.",2.254874239789983,1.9760127594642038,-1.311224803697785,-0.4062507546775093,-0.7963644023707694,0.2518230419430402,0.3667004953009202,-0.8300226450661756,-1.8391660857969268,-1.0659006721836308,-1.3525200533001562,-1.5516157506737847,0.31300454367642794,1.7802448880270987,-0.6151131901612095,0.14942658500063705,-0.4652965313945474,-0.29348557805357484,-2.29751549704386,-1.0459337336720644,0.9342911388856426,0.2242580102109022,-0.1104854473236452,0.5831382848368672,-0.7858592223253572,1.1731061518707735,1.7218394862383801,-0.07296756622050668,0.14497766058837713,-1.0468738630525825,1.2545650070644845,-1.9520886760791758,2.260729272588803,1.56653768928265,0.5061987791122308,0.037594376399058126,1.9315166444497869,-1.2477229130226,-1.3238184868486405,-1.158468178035238,1.6431120276843367,0.17943729133383365,-0.31859732070705676,0.8185117192501586,ang,-0.191513483957274,0.2958503571884391,-0.16776306944753683,-0.5360211698010867,0.5827099841013398,-1.617870491719152,-0.9160541128651851,-0.2987104917743014,-0.1456546423003268,-1.1601619630342765,moderate,low
sample_021_AimeeMullins_2009P_Segment121,-0.773152743877789,-0.5128767893228487,0.34251769979971813,"And it's because of the experiences I've had with them, not in spite of the experiences I've had with them.",-0.5819985131059653,-0.5835211763448893,-0.5225583768629041,-0.06692582504716214,-0.015462124740412034,0.12216150596025266,0.5395528354734358,0.35270912552790695,0.013433527831884104,0.8955384305128307,0.8294414849228308,-0.6226237555142006,0.746483375030947,0.279892776274986,0.9876731550280621,0.872493000751605,1.061829888266361,0.4500851316444539,0.01323326121691252,0.0044098833056482375,-1.1132939540309028,0.18305748495273283,0.008812742013048066,-0.27006678129022116,0.4252435415963957,0.07592910065978202,0.8256749487558374,0.8299388775283331,-0.7612295112956988,0.8410651351387773,0.4067787124781014,-0.46123057389006206,2.0323884383611235,-0.9714385535944657,-0.18090282264374014,-0.5082112560454359,0.1423090866819444,0.421554428796696,0.39444616669604754,-0.46070269476039044,0.10969354947866276,-0.6843866568704006,0.8953806370123379,-0.6864380226907115,ang,1.1687518623671629,1.0411532961933396,-0.9880843925224146,-0.8195469134513823,-0.7448220716826552,0.45234808981285407,-0.37780299940361406,0.001256393141230429,-0.5748233702686665,-0.24966454247615474,moderate,medium
sample_022_AimeeMullins_2009P_Segment122,-0.5702495231128735,1.0652056393628404,1.9330999632215677,And perhaps this shift in me has happened because I've been exposed to more people who have opened doors for me than those who have put lids and cash shadows on me.,-0.5819985131059653,-0.5835211763448893,-0.2043392879873794,0.7513804483809202,0.8445387910536469,0.6891129280026356,0.572567483564095,-0.5377936541882664,-0.8374439775301205,-0.1279672090757044,-0.8004114040324278,-0.8584764904272206,1.6595127802631928,0.09397018029417648,0.35355585903567643,0.43509552829638204,0.3957746217467318,0.5445967481785003,-1.2344940444663868,1.0177676441903218,-0.19116190159340274,-0.4623630690495383,0.450963640696685,-0.11216877589122236,-0.4914545962674154,0.7053184577312572,0.3143878829335515,-1.060427813173302,1.4920526963373955,0.45265474825348795,0.655946883471343,0.3707534335350864,0.07571916682146529,-0.2619206230543835,-0.4875130129564958,-0.4634718834318068,0.07040124424998154,0.03941162027821382,1.3607764823904918,-0.22039638302299233,0.31594258612595644,-0.12614697534817143,0.4452240312437294,0.2585703273705386,ang,-1.974890015768712,-0.6812794168684633,-0.7622830085032202,-0.8006451972080292,1.8559919318364702,0.39260970305462367,-1.286645496819192,0.933443392753484,-0.3912982808198149,-0.14178548403821137,moderate,low
sample_023_AimeeMullins_2009P_Segment123,-0.16007733605428837,0.2761644250199958,0.6609184388582474,All you really need is one person to show you the epiphany of your own power and your off. If you can hand somebody the key.,-0.5819985131059653,-0.5835211763448893,-0.5552620246127559,0.845005275557034,0.8445387910536469,0.9941988950209583,0.4477110720419797,-1.523711851567616,1.4000511753507332,2.2863113303436102,2.3019671274733273,-0.9697083479407855,0.746483375030947,0.7987465325005001,-0.4857947108060226,0.33327722444223634,-0.16346030605331086,-0.6532303342734005,0.5961027376920878,-0.3108406296859116,-0.04046175720711395,0.5694270362905957,0.8075977794138295,0.1207765940993341,0.28261725645525826,1.293321701452104,0.48108473524137757,-1.1507127149644314,0.5035845580832551,0.9318653668262183,1.3279436906864381,0.06772705243983071,-0.16166475781313114,0.22402164225536522,-0.9233372747138164,-0.5365346314726687,-0.22482978002413756,0.6868309172547296,-0.4343133965483679,-2.0010829825987413,0.3066452879993011,-0.6176458395576451,-0.15881908014287985,0.8156782904978634,ang,0.4400603762506613,0.6418959691593364,-0.6697160603375472,-0.6494314672612049,1.8559919318364702,0.3644361407406984,-0.18260055705936334,1.178690752594702,-0.032139303217339404,0.11133471160019978,fast,high
sample_024_AimeeMullins_2009P_Segment124,1.0170108155552944,1.1967125084199812,0.31977478986696556,"to their own power. The human spirit is so receptive. If you can do that and open a door for someone at a crucial moment, you are educating them in the best sense.",1.2078689137922571,0.7815635894199602,1.239799679340259,0.6101623810199671,0.8445387910536469,-0.16004301353169556,0.0078011218914707785,0.22386438894201754,0.8477492630023196,0.1565932824187165,0.6070677906002526,0.7306971775675012,-1.0335036929103372,1.1792392870658777,-0.24525674638310882,-0.9215792118878425,-0.6543156447090139,0.006537808965481123,0.5571207413887899,0.15792350460087612,-0.046211842207545636,-1.379464997441914,-0.5146599000590655,0.05191092399951846,0.19152479738847963,-0.6831437777584373,-1.0202158039143527,0.24095651731300527,-1.0349660036420418,0.6609488746065886,0.26856162723833155,1.087574931101793,-1.297082468334083,0.35262103862148625,-0.7643646218079977,-0.10396995273074766,-1.769204022614181,0.8032692339456106,-0.11480383512221892,0.6637951873817489,-0.9406627465737077,-0.15327501735029675,-2.604046897135192,-1.4261624642758184,ang,1.1829792852709653,1.0489486429860237,-0.9993163653123918,-0.8100960553297056,-0.6171747586265018,-1.6178073728461946,2.004796586471067,0.2508382411954284,-0.10989999637344747,-1.1600970440783829,fast,medium
sample_025_AimeeMullins_2009P_Segment125,-1.134054374254729,-1.1704111346085526,-0.3625125081155962,you're teaching them to open doors for themselves. The exact meaning of the word educate.,-0.5819985131059653,-0.5835211763448893,-0.7116890301837314,0.38454067676871245,-0.9167210879575713,0.659875522830046,0.03858253561297586,1.0517026151056472,-0.7505278075647709,0.6514236942413624,0.4473112967434043,-1.8873711724276931,0.746483375030947,0.8679270333305688,0.4602311760097712,1.3889741699710862,0.8837073009203005,-0.07482830694752526,-1.4445353006643056,0.49072391004249866,-0.184529128106064,0.8337355993054876,1.3870681198438397,-0.22538892413345363,-0.30700191210094996,0.7319224034648539,1.437670072997664,-1.3086452533857287,0.5040618944451704,-0.4371193588936218,1.2292828691202242,0.43957722890863454,0.3939194086985418,-1.931692279708295,-1.7238837100991025,-1.138818861151281,1.2447034201336278,1.282633007861386,0.267059223193618,-0.6006688816371497,-0.20248111454325737,-1.428905560140557,0.7908023417176988,1.7303170732281759,ang,1.2974172521059002,1.1116503454489193,-1.0752290089963747,-0.8100960553297056,-0.3618801325141951,0.13200425165081503,-0.5697698896045994,-0.1057914997905646,-0.347318566070525,-0.5982393763480927,slow,low
sample_026_AimeeMullins_2009P_Segment126,-0.3891750299917241,0.5391781631342774,1.5251490163028258,"comes from the root word, aduce. It means to bring forth what is within, to bring out potential. So again, which potential do we want to bring out?",1.2078689137922571,1.0248460229226066,-0.6253812579480303,0.6229530643196425,0.8445387910536469,0.8314863792778525,0.13865004563748284,0.2774623190967023,-1.0870629778574352,-0.6428404728931071,-1.1036120907450322,-1.1241970389318474,0.746483375030947,1.213829537480912,0.8340569700371808,1.6443864683626548,1.276240117501951,0.4527482287530267,-1.3244951856652023,-0.3158607225110504,-0.4660310964166262,0.11687743458749847,1.1842544628531018,-0.6600524992938865,-0.6092742978649011,0.10135943986535383,1.8459290830610158,-0.46410643091948894,0.7363655905772681,0.23770919434609486,0.48681059029591306,0.4091329335890255,-0.4620253467437257,-0.552975677454572,-0.3735061074842612,0.20495977665088866,-0.7189850952287034,-1.5552861343939182,0.12990535181161988,0.08845230625580296,1.0031480066329095,0.07050215922960035,-1.058641313767916,-1.0060168599918304,ang,1.1996810425928208,1.0580997022643923,-1.0101610286958178,-0.8195469134513823,-0.5916452960152712,-1.6178325779677567,-0.6799894941689735,1.0478921606793854,-0.23656101919351838,-1.160140500744174,moderate,low
sample_027_AimeeMullins_2009P_Segment128,0.1353381113913518,0.6706850321914181,0.79737589845476,"There was a case study done in the 1960s, Britain, when they were moving from grammar schools to comprehensive schools. It's called the streaming trials. We call it tracking.",-0.5819985131059653,-0.5835211763448893,0.41875617470452625,-0.6347726720025272,0.8414522739148669,-0.8236049917965464,-1.0479976466988787,0.9400042819524406,0.6447682075344608,0.18407719323787392,0.06389571148696917,0.4330489662580552,-0.24584686759490862,0.34907327710505437,0.05955983509075246,0.20990376902747976,0.3374155793982817,-0.18803826488219405,0.5029675461964578,0.6628247629438917,-0.39262924381244285,0.1859145003059801,-0.06608177414122395,0.011891599310371516,-0.15678555289048574,0.9747666486345767,0.3180797047866717,-0.8139331480872802,-0.10167794882530655,-0.194402720685166,-0.5932810521763919,1.458644792430307,-0.6834521948734283,-0.06360115914482108,-0.8746243816607667,-1.0533232548059974,0.4099413654985555,-0.37035880574586066,1.1547776803451888,0.4514107147097636,-0.2065735150007163,-0.622269274673061,-2.1299551181477416,0.1866970149355592,ang,-0.7958696655666305,-0.035282417439931955,0.2307783098933741,-0.6021771766528223,-0.6171747586265018,0.7197360654774224,-0.0328954075883225,-0.28403483072037194,0.7251583626853901,0.5663307869020757,fast,medium
sample_028_AimeeMullins_2009P_Segment129,0.36921733614599334,-1.1704111346085526,-1.8535945405816547,"here in the States. It's separating students from A, B, C, D, and so on.",1.2078689137922571,1.9760127594642038,-0.3312350395987901,-1.333277836152834,0.8445387910536469,-1.13758929951957,-0.2922525258907721,0.19629445248730548,-0.5931909907448736,-0.8609115032791735,-0.5468209235539132,0.9614002894474866,-1.0335036929103372,-1.1728977411564545,2.462961601027863,1.3538552798237566,1.9279440616905392,1.7082001997032044,-0.5970960852474151,-0.5702540050112593,-2.319697409906637,0.2264710763119197,1.6084899467012737,0.6105833211853441,2.653566643861088,-1.0775085376502878,-1.2608297888442141,1.0672109531043337,-1.4716014850980026,2.148636845456505,1.4726204226545503,-0.5990102179685919,-2.4475047613269805,-2.3273986708632686,-2.2462045832390825,1.0100372724682343,-1.035504040717231,1.000236384620646,1.7932087031193704,-0.7849020206760612,-1.4496699529864376,-0.7292937758620909,1.514784343080051,-2.0262707017777633,ang,-1.8381830391713037,-0.6063763020344101,-0.040725584098830675,2.0109850939907346,-0.7703515342938858,-1.6178499549949024,-0.28799432960933163,-0.534975174295806,0.17323579922137322,-1.160145215619815,fast,low
sample_029_AimeeMullins_2009P_Segment13,0.4779451890763738,0.2761644250199958,-0.22605504851908365,"I was reading this list out loud to a friend and at first was laughing. It was so ludicrous, but I just got and passed mangled.",1.2078689137922571,1.1509924699239789,0.8131127145468954,-0.23164305474937993,-0.7368952324607129,-0.6481805607610113,0.23125483081173298,0.918417083386112,0.659210071141508,0.757038722716727,0.5725456976748651,0.738936574420357,-0.24584686759490862,-0.757814736176043,-0.40375888305073027,-0.47661156057632276,-0.5123988320400981,-0.019186575870525267,0.9596805190677931,-0.0033638734611446835,0.47913912552917826,-1.774267023481444,-1.0793610880871223,2.341192983013524,-1.4494584725877742,0.27195435731543555,-1.1266532470676984,0.6790984300440696,-1.1874272376377792,-1.3542577688219448,-1.356874198393372,-1.1509691336645616,-0.03992481459040415,1.394277444376878,0.6013138254196609,-0.5910269140664358,1.2787018746827328,-1.0808229990596923,-0.39363771519625945,-0.9430747765872538,-0.8356906882377132,0.2436549090410152,-0.44898702624209014,0.4066668639869786,ang,0.7307946703718463,0.8011921862272325,-0.7293617089463909,-0.44151258858432146,-0.7448220716826552,-1.6178242793747881,0.5523883476731697,-0.8355952097008177,-0.46904110655993597,-1.1601226251317291,fast,medium
