sample_id,wpm,word_count,duration_sec,whisper_transcript,filler_count,filler_ratio,mean_pitch,pitch_std,pitch_range,pitch_variability,jitter,shimmer,mean_energy,energy_std,energy_range,speech_ratio,pause_count,avg_pause_duration,spectral_centroid,spectral_bandwidth,spectral_rolloff,zero_crossing_rate,mfcc_1,mfcc_delta_1,mfcc_2,mfcc_delta_2,mfcc_3,mfcc_delta_3,mfcc_4,mfcc_delta_4,mfcc_5,mfcc_delta_5,mfcc_6,mfcc_delta_6,mfcc_7,mfcc_delta_7,mfcc_8,mfcc_delta_8,mfcc_9,mfcc_delta_9,mfcc_10,mfcc_delta_10,mfcc_11,mfcc_delta_11,mfcc_12,mfcc_delta_12,mfcc_13,mfcc_delta_13,tone_label,tone_score,tone_ang,tone_hap,tone_neu,tone_sad
sample_000_AimeeMullins_2009P_Segment100,274.81,24,5.24,A few years ago I was in a food market in the town where I grew up in that red zone in northeastern Pennsylvania.,0,0.0,216.42,41.729,346.723,0.1928,0.077664,0.171094,0.085182,0.037203,0.170343,0.9819,0,0.0,1902.885,1509.052,3541.214,0.141853,-176.9291,-0.74188,64.7704,0.306401,-51.6066,-0.543858,36.5316,-0.098907,-28.2456,0.182388,-13.2713,0.03152,-30.0312,-0.091696,-10.8608,0.248587,-8.2059,0.222014,-18.5305,0.058124,-7.6468,-0.025948,-13.7377,0.209786,-8.6726,0.002543,ang,0.5035,0.5035,0.4541,0.0424,0.0
sample_001_AimeeMullins_2009P_Segment101,220.38,31,8.44,"And I was standing over a bushel of tomatoes. It was summertime. I had shorts on. I hear this guy, his voice behind me say, well, if it isn't Amy Mullins.",0,0.0,212.666,54.567,391.116,0.2566,0.127219,0.153586,0.046126,0.023163,0.091717,0.9693,1,0.256,2007.748,1528.324,3742.396,0.159731,-228.1169,-0.887345,65.4158,0.042213,-54.7412,0.490014,28.0033,-0.102604,-36.5251,0.310243,-6.3918,-0.059855,-28.6696,0.100212,-12.2938,-0.102349,-9.0821,-0.063666,-15.8036,-0.015549,-8.2266,-0.02322,-13.1053,-0.048284,-6.7863,0.031507,ang,0.6777,0.6777,0.3032,0.0187,0.0004
sample_002_AimeeMullins_2009P_Segment102,210.37,23,6.56,"I turn around and this is older man I have no idea who he is. And I said, I'm sorry sir, I don't...",0,0.0,172.152,55.053,236.687,0.3198,0.225398,0.13882,0.042379,0.025626,0.094456,0.9314,3,0.128,1847.05,1546.235,3435.938,0.14632,-233.5611,-0.850369,81.1378,0.146046,-41.7993,0.190107,18.0623,-0.04812,-20.0209,0.272189,-7.3955,0.005265,-22.2139,-0.010885,-9.1215,-0.049071,-3.4086,-0.04592,-12.5022,0.038028,-14.3471,0.075144,-6.5466,0.039211,-5.5171,-0.025955,hap,0.7219,0.0208,0.7219,0.2544,0.0029
sample_003_AimeeMullins_2009P_Segment103,219.7,29,7.92,"Have we met? I don't remember meeting you. He said, well, you wouldn't remember meeting me. I mean, when we met, I was delivering you from your mother's womb.",0,0.0,190.043,54.662,312.531,0.2876,0.140818,0.123033,0.068873,0.038184,0.142484,0.8699,3,0.341,1735.022,1487.319,3317.434,0.115932,-210.4716,-0.456666,81.8069,0.069405,-43.3486,0.26481,36.2642,0.077954,-31.5696,0.084064,-8.9173,0.027046,-19.3841,0.085478,-11.9178,-0.094903,-14.0085,-0.104247,-16.332,-0.042165,-11.546,-0.042664,-13.1055,-0.095466,-7.5234,-0.032021,hap,0.7667,0.2316,0.7667,0.0012,0.0006
sample_004_AimeeMullins_2009P_Segment104,70.0,7,6.0,"Oh, that guy. And of course, actually.",1,0.1429,261.994,133.549,450.0,0.5097,0.473351,0.135554,0.05874,0.035536,0.139663,0.9479,1,0.32,2146.454,1518.861,3804.364,0.204446,-170.1606,-0.614752,57.1249,-0.046203,-66.4713,0.350683,17.9496,0.542036,-27.7327,-0.021806,-1.4314,-0.200983,-23.0009,0.035025,-11.6328,0.029125,-3.4713,-0.281365,-20.1986,-0.125192,-13.5834,-0.007435,-10.2215,-0.137155,-4.7607,0.099937,hap,0.9685,0.0197,0.9685,0.0086,0.0032
sample_005_AimeeMullins_2009P_Segment105,171.81,26,9.08,"It did click. This man was Dr. Keane, a man that I had only known about through my mother's stories of that day. Because, of course.",0,0.0,190.615,76.798,401.167,0.4029,0.283425,0.155091,0.075575,0.054578,0.198723,0.8278,3,0.448,1974.588,1603.61,3717.524,0.159344,-194.8854,0.352935,70.481,0.021764,-38.2898,-0.075969,24.2827,-0.303472,-23.7169,0.210944,-10.1861,-0.059023,-20.1953,-0.123528,-10.5757,-0.007799,-11.6436,0.162341,-13.9719,0.009255,-10.9798,-0.003413,-9.1204,0.114152,-5.1897,-0.067273,ang,0.8085,0.8085,0.1859,0.0015,0.0041
sample_006_AimeeMullins_2009P_Segment106,170.0,34,12.0,"typical fashion, I arrived late for my birthday by two weeks, and so my mother's prenatal physician had gone on vacation. So the man who delivered me was a complete stranger to my parents.",2,0.0588,201.428,73.232,450.0,0.3636,0.249694,0.172087,0.061444,0.036817,0.133434,0.9072,5,0.186,2120.878,1569.93,3820.953,0.185934,-200.3819,-0.457566,60.2068,0.180475,-45.0675,-0.066804,34.2189,-0.03205,-26.986,0.040361,-11.1485,0.023335,-27.0631,0.05752,-9.7364,0.082271,-10.4935,0.06674,-18.1827,-0.004685,-10.0455,-0.001111,-10.9621,0.010988,-6.0013,-0.009941,hap,0.824,0.1678,0.824,0.0073,0.0009
sample_007_AimeeMullins_2009P_Segment107,244.19,35,8.6,"And because I was born without the fibula bones, and had feet turned in and a few toes in this foot and a few toes in that, he had to be the bearer, the stranger.",0,0.0,207.018,73.486,447.846,0.355,0.205399,0.16847,0.069082,0.040973,0.175023,0.9211,3,0.192,2098.757,1608.705,3866.046,0.173312,-187.9272,-0.154608,61.5636,0.17525,-40.0162,-0.188747,32.7815,-0.336098,-27.2119,0.336371,-6.9079,0.106045,-27.6807,-0.138512,-12.2964,-0.014429,-7.9528,0.118086,-16.045,0.012003,-10.261,-0.106603,-11.9961,0.040919,-4.7902,0.011141,hap,0.525,0.341,0.525,0.1205,0.0135
sample_008_AimeeMullins_2009P_Segment108,191.18,26,8.16,"had to be the bearer of bad news. He said to me, I had to give this prognosis to your parents that you would never walk.",0,0.0,162.691,70.006,421.317,0.4303,0.263632,0.171622,0.058315,0.041023,0.151953,0.8226,4,0.352,1956.537,1604.686,3678.809,0.160735,-216.7713,-0.567902,80.0745,-0.114252,-32.4623,0.170597,25.9387,0.045096,-18.4072,0.195681,-11.5142,0.15411,-17.7884,-0.016616,-9.2474,-0.004408,-9.6878,-0.006026,-16.0182,0.063069,-11.8378,0.063691,-7.2188,-0.077823,-6.1449,0.084169,ang,0.9742,0.9742,0.0221,0.001,0.0027
sample_009_AimeeMullins_2009P_Segment109,243.46,31,7.64,and you would never have the kind of mobility that other kids have or any kind of life of independence. And you've been making a liar out of me ever since.,2,0.0645,185.223,48.866,312.635,0.2638,0.130011,0.137145,0.084992,0.04473,0.17657,0.9142,2,0.288,1801.348,1463.947,3340.211,0.140761,-168.6315,-0.064275,80.7104,-0.451543,-53.295,0.120256,26.592,-0.21563,-26.2643,0.314844,-9.2714,0.034895,-22.5142,0.036503,-11.8216,-0.002873,-5.696,0.008163,-14.0171,0.119087,-13.1656,-0.016094,-7.3195,0.044796,-6.4136,0.000552,ang,0.819,0.819,0.1703,0.0104,0.0002
sample_010_AimeeMullins_2009P_Segment11,66.67,10,9.0,"See also hurt, useless, and weak. Antonyms, healthy, strong, capable.",0,0.0,168.097,88.881,449.629,0.5287,0.282051,0.172526,0.051583,0.049953,0.186573,0.6816,7,0.389,2228.247,1789.091,4287.401,0.197956,-209.2967,-0.297064,63.276,0.439651,-26.0181,-0.199123,11.7598,-0.28664,-23.0869,-0.276043,-7.4245,0.193725,-16.3438,-0.003078,-7.3048,0.091352,-9.6963,0.158549,-11.8543,0.087821,-11.1333,0.00782,-8.2601,0.06373,-5.9524,-0.039084,ang,0.9283,0.9283,0.0705,0.0006,0.0006
sample_011_AimeeMullins_2009P_Segment111,140.0,14,6.0,The extraordinary thing is that he had saved newspaper clipping throughout my whole childhood.,0,0.0,234.027,95.977,421.213,0.4101,0.292915,0.202844,0.106197,0.07095,0.261823,0.8449,1,0.832,2096.478,1637.073,3837.766,0.177553,-149.8503,-0.287199,61.93,0.068976,-34.3427,0.033387,27.3761,0.033117,-24.7322,-0.046137,-14.5151,-0.074209,-20.0899,-0.170894,-9.7323,0.028658,-10.8619,0.178285,-17.4004,0.082488,-11.7388,0.099308,-10.5414,0.113822,-8.6746,0.100257,ang,0.9898,0.9898,0.0086,0.0002,0.0013
sample_012_AimeeMullins_2009P_Segment112,156.25,25,9.6,"whether winning a second grade spelling bee, marching with the Girl Scouts, the Halloween parade, winning my college scholarship, or any of my sports victories.",0,0.0,215.595,51.097,377.759,0.237,0.13178,0.150648,0.076542,0.040285,0.153096,1.0,0,0.0,1900.549,1502.044,3518.106,0.146184,-183.9151,-0.019155,79.4888,-0.459154,-43.6999,0.298882,34.9861,-0.022747,-29.8686,0.218526,-6.2759,-0.038168,-22.5148,0.0323,-11.4318,0.056856,-11.5087,-0.001111,-16.9504,0.040358,-4.8056,-0.002193,-14.5261,0.048277,-6.2355,0.080518,ang,0.7702,0.7702,0.2196,0.0099,0.0004
sample_013_AimeeMullins_2009P_Segment113,123.39,16,7.78,"and he was using it and integrating it into teaching resident students, med students from Hanuman.",0,0.0,211.021,63.322,360.306,0.3001,0.200435,0.160986,0.074199,0.044903,0.180408,0.8908,3,0.256,2079.567,1707.2,3967.867,0.147794,-194.1818,-0.850528,61.9802,-0.115687,-16.2506,0.288104,45.0484,-0.157777,-25.5312,0.297195,-12.6231,0.037271,-19.1532,0.032771,-8.0392,-0.05098,-15.0077,-0.064973,-18.6419,0.012525,-8.9993,-0.023611,-13.9667,0.002998,-7.653,0.049973,ang,0.5454,0.5454,0.3831,0.0391,0.0324
sample_014_AimeeMullins_2009P_Segment114,191.33,25,7.84,medical school and Hershey medical school and he called this part of the course the X factor. There was the potential of the human will.,0,0.0,203.257,74.459,450.0,0.3663,0.30832,0.185606,0.057674,0.039476,0.15874,0.8659,3,0.32,2104.93,1623.032,3929.846,0.187275,-205.3263,-0.228427,65.7394,0.079314,-37.6904,0.039929,18.7484,-0.190084,-30.226,-0.341993,-6.1637,0.06247,-22.9868,0.179884,-8.1626,0.063273,-7.9066,0.090024,-17.7051,-0.002938,-11.345,0.019952,-9.8692,0.136421,-5.1895,0.025175,hap,0.7592,0.2369,0.7592,0.0035,0.0004
sample_015_AimeeMullins_2009P_Segment115,164.74,19,6.92,No prognosis can account for how powerful this could be as a determinant in the quality of someone's life.,0,0.0,200.039,64.549,449.821,0.3227,0.184953,0.161263,0.068091,0.040581,0.16578,0.9595,1,0.128,1897.394,1589.684,3482.168,0.16085,-197.1874,0.751557,77.4039,-0.749742,-30.329,-0.270137,14.4994,-0.168571,-22.7392,0.006779,-8.2041,0.071034,-17.6418,-0.029075,-9.5927,0.024266,-8.9712,0.209042,-15.6642,0.059146,-9.9671,0.034758,-9.2733,0.085309,-6.8478,0.019021,ang,0.8312,0.8312,0.1616,0.0064,0.0008
sample_016_AimeeMullins_2009P_Segment116,112.97,18,9.56,"And Dr. Keen went on to tell me that he said, in my experience, unless repeatedly told otherwise.",0,0.0,166.134,81.644,423.261,0.4914,0.266207,0.155989,0.043456,0.042464,0.146405,0.6309,4,0.856,2169.325,1737.505,4142.977,0.187505,-246.6907,-0.356176,63.4293,-0.4503,-33.5586,0.061423,20.539,-0.215146,-17.2775,0.21219,-6.4172,0.064893,-15.6673,0.089803,-5.8581,-0.015991,-9.3076,0.047388,-12.9679,0.053145,-10.4689,0.065133,-7.1302,0.021823,-7.8574,0.047843,ang,0.8845,0.8845,0.0967,0.0013,0.0174
sample_017_AimeeMullins_2009P_Segment117,129.81,18,8.32,"and even if given a modicum of support, it's left to their own devices, a child will achieve.",0,0.0,181.77,65.912,288.96,0.3626,0.224435,0.158974,0.069865,0.049508,0.18189,0.8456,2,0.608,1998.147,1617.463,3747.266,0.168654,-197.8421,0.010963,70.9768,-0.307292,-33.2326,0.11978,19.7188,-0.154315,-24.1023,0.15874,-4.3153,-0.067048,-19.4212,-0.02239,-10.8021,0.000516,-9.0613,0.041037,-14.6559,0.054549,-11.8142,-0.008768,-6.1672,0.072686,-6.7814,0.087684,ang,0.7499,0.7499,0.2319,0.0136,0.0046
sample_018_AimeeMullins_2009P_Segment118,166.67,25,9.0,"See, Dr. Keane made that shift in thinking. He understood that there's a difference between the medical condition and what someone might do with it.",0,0.0,176.742,63.367,435.703,0.3585,0.206415,0.167212,0.060757,0.038087,0.153022,0.8741,2,0.528,2151.858,1663.2,3974.238,0.182012,-203.5478,-0.037287,58.8498,-0.147369,-25.8673,-0.198354,34.6564,-0.241238,-28.0984,0.113136,-13.3512,0.158412,-19.157,0.086193,-8.5122,0.063183,-13.0063,0.054233,-16.2273,0.064696,-10.8243,-0.023507,-8.514,0.044553,-5.925,0.002771,ang,0.611,0.611,0.358,0.0134,0.0176
sample_019_AimeeMullins_2009P_Segment119,187.5,39,12.48,"And there's been a shift in my thinking over time and that if you would ask me at 15 years old if I would have traded prosthetics for flesh and bone legs, I wouldn't have hesitated for a second.",0,0.0,174.91,70.14,395.929,0.401,0.22534,0.177096,0.055461,0.041474,0.160268,0.7974,5,0.486,2034.439,1640.414,3816.123,0.175352,-213.63,-0.151492,68.5051,0.11247,-35.4858,-0.020617,25.0141,0.036329,-24.2757,-0.050997,-9.9271,0.031408,-19.5045,0.016608,-8.7408,-0.041178,-8.2541,0.025782,-14.9675,0.025621,-11.0741,0.01403,-6.7683,-0.049681,-5.5879,0.016823,ang,0.8456,0.8456,0.1468,0.0029,0.0047
sample_020_AimeeMullins_2009P_Segment120,126.17,18,8.56,"I aspired to that kind of normalcy back then. If you ask me today, I'm not so sure.",2,0.1111,166.253,63.33,348.187,0.3809,0.242563,0.148357,0.036761,0.033341,0.117336,0.7034,3,0.811,1955.36,1630.512,3684.689,0.163289,-262.6851,-0.642066,74.8282,-0.010351,-38.1685,0.199394,19.7498,0.104394,-16.4193,0.080247,-8.5118,-0.059926,-15.3007,-0.156101,-4.4172,0.123124,-8.776,0.034037,-11.4362,-0.027339,-12.7886,-0.050781,-5.8143,0.028738,-7.0985,0.062976,ang,0.7541,0.7541,0.2371,0.0031,0.0058
sample_021_AimeeMullins_2009P_Segment121,131.0,20,9.16,"And it's because of the experiences I've had with them, not in spite of the experiences I've had with them.",0,0.0,183.158,67.893,393.402,0.3707,0.251851,0.167533,0.064726,0.049684,0.188631,0.7936,4,0.464,2161.697,1690.591,4057.763,0.176412,-204.4802,-0.307929,58.5902,-0.02046,-36.9286,0.017344,30.2172,-0.062014,-20.8615,0.237477,-11.3595,0.111797,-18.8049,-0.031913,-5.3865,-0.07283,-10.9764,-0.017897,-15.4621,0.050664,-9.9034,-0.023417,-9.6737,-0.030489,-5.3677,-0.012446,ang,0.974,0.974,0.0253,0.0001,0.0006
sample_022_AimeeMullins_2009P_Segment122,140.76,32,13.64,And perhaps this shift in me has happened because I've been exposed to more people who have opened doors for me than those who have put lids and cash shadows on me.,0,0.0,189.979,78.897,450.0,0.4153,0.253625,0.153095,0.051882,0.041156,0.135376,0.7707,7,0.421,2080.063,1654.248,3895.047,0.17808,-235.7326,0.014442,65.903,-0.178821,-32.3332,0.051035,22.2943,0.033445,-23.3959,-0.091707,-4.2787,0.076468,-17.775,0.037391,-9.7518,-0.018049,-11.9583,-0.01364,-15.6239,0.032807,-8.2808,-0.013993,-9.1546,0.007786,-6.0095,0.034914,ang,0.4658,0.4658,0.0836,0.0003,0.4503
sample_023_AimeeMullins_2009P_Segment123,160.49,26,9.72,All you really need is one person to show you the epiphany of your own power and your off. If you can hand somebody the key.,0,0.0,182.457,80.156,450.0,0.4393,0.246916,0.13711,0.085657,0.06258,0.266318,0.7599,4,0.584,1972.008,1645.788,3758.427,0.15694,-189.8808,-0.408217,67.0981,0.07434,-28.6266,0.100739,28.9845,0.122627,-22.5696,-0.107429,-7.3849,0.120056,-14.9974,0.012149,-10.2814,0.01947,-13.354,-0.020592,-16.2882,0.06306,-11.295,-0.095073,-9.178,-0.025913,-6.8707,0.062834,ang,0.8562,0.8562,0.1075,0.0019,0.0344
sample_024_AimeeMullins_2009P_Segment124,217.11,33,9.12,"to their own power. The human spirit is so receptive. If you can do that and open a door for someone at a crucial moment, you are educating them in the best sense.",1,0.0303,220.934,76.998,450.0,0.3485,0.223278,0.165444,0.07732,0.043527,0.181365,0.925,1,0.672,2002.974,1541.523,3638.512,0.168584,-190.8572,-0.259093,67.0525,-0.403842,-42.3692,0.086045,28.1972,-0.177142,-30.0114,0.134913,-12.2197,0.095414,-19.3762,0.097102,-12.8145,0.029399,-12.8449,0.020567,-19.7632,0.068501,-10.7585,0.020682,-12.3173,0.005926,-10.7493,-0.049518,ang,0.9763,0.9763,0.0224,0.0002,0.0011
sample_025_AimeeMullins_2009P_Segment125,113.64,15,7.92,you're teaching them to open doors for themselves. The exact meaning of the word educate.,0,0.0,179.104,73.964,341.695,0.413,0.224932,0.178866,0.053194,0.04765,0.176145,0.6708,4,0.6,2093.796,1733.505,4014.248,0.167148,-240.9936,-0.153222,65.9556,0.139191,-22.604,0.026877,23.8885,0.03748,-17.8279,-0.134931,-7.3834,-0.004464,-15.4052,0.043124,-9.0419,-0.14697,-15.9177,-0.0779,-12.9816,0.090901,-10.1173,-0.028906,-10.4594,-0.081536,-5.5168,0.108672,ang,0.9948,0.9948,0.0028,0.0002,0.0021
sample_026_AimeeMullins_2009P_Segment126,149.47,28,11.24,"comes from the root word, aduce. It means to bring forth what is within, to bring out potential. So again, which potential do we want to bring out?",1,0.0357,180.954,77.17,450.0,0.4265,0.230309,0.166313,0.048114,0.036866,0.125469,0.7449,4,0.68,2141.921,1754.727,4110.143,0.176459,-237.9869,-0.409814,63.7232,-0.036698,-24.7119,-0.065868,21.276,-0.058157,-15.8042,0.012135,-6.6534,0.056917,-18.4741,0.040588,-10.9515,-0.040521,-11.5932,0.049962,-17.4001,-0.041711,-10.3476,-0.001881,-7.425,0.021269,-8.1536,-0.028462,ang,0.979,0.979,0.0196,0.0001,0.0012
sample_027_AimeeMullins_2009P_Segment128,174.7,29,9.96,"There was a case study done in the 1960s, Britain, when they were moving from grammar schools to comprehensive schools. It's called the streaming trials. We call it tracking.",0,0.0,203.335,60.257,449.783,0.2963,0.166546,0.177055,0.074256,0.043756,0.163617,0.8961,2,0.48,2042.215,1635.537,3880.79,0.16515,-192.2136,-0.098473,64.3053,-0.019759,-37.707,0.077506,25.1868,0.074312,-23.3776,-0.048783,-9.2869,0.017613,-22.9385,0.128012,-11.4455,-0.002737,-13.198,-0.069765,-14.8599,0.013659,-8.6267,0.012353,-10.4697,-0.02623,-9.681,0.031312,ang,0.6564,0.6564,0.34,0.0024,0.0011
sample_028_AimeeMullins_2009P_Segment129,185.95,15,4.84,"here in the States. It's separating students from A, B, C, D, and so on.",1,0.0667,187.259,50.864,450.0,0.2716,0.207155,0.164997,0.055569,0.035049,0.143662,0.9474,1,0.128,2364.492,1730.587,4269.353,0.198616,-219.7674,-0.490742,43.5681,-0.009808,-20.3027,0.20525,49.4763,-0.236955,-31.2041,0.278795,-13.5918,0.230731,-14.3994,-0.04339,-17.1754,-0.225086,-17.5904,0.126566,-18.1123,0.077705,-5.3579,-0.036131,-13.5984,-0.033568,-4.4846,-0.079593,ang,0.4879,0.4879,0.2699,0.2418,0.0005
sample_029_AimeeMullins_2009P_Segment13,191.18,26,8.16,"I was reading this list out loud to a friend and at first was laughing. It was so ludicrous, but I just got and passed mangled.",1,0.0385,211.788,65.678,351.44,0.3101,0.235285,0.176705,0.074474,0.04853,0.180237,0.9258,2,0.224,1982.569,1578.495,3673.182,0.16813,-180.7741,-0.310402,71.2187,-0.500711,-48.2383,0.600495,14.0144,-0.032283,-30.539,0.21121,-12.6988,-0.087885,-26.0947,-0.089368,-10.0098,0.109824,-8.4714,-0.025777,-12.9051,-0.01954,-11.2267,-0.042334,-12.0531,0.033141,-7.2844,0.042336,ang,0.9032,0.9032,0.0921,0.0041,0.0006
